name,address,instagram_url,facebook_url,delivery_partner,first_drop_pricing,highlight,active
Fairview / Clayton Park,50 Gesner St,https://www.instagram.com/squareroots.fcp/,https://www.facebook.com/squarerootsfvcp,,no,,yes
Upper Tantallon,5374 St Margarets Bay Rd,,,BayRides,no,,yes
Halifax - South End,5596 Morris St,https://www.instagram.com/squarerootshalifaxsouth/,,,no,,yes
Windsor,613 King St,,,,no,,yes
East Dartmouth,50 Caledonia Rd,,,,no,,yes
New Glasgow,345 Temperance St,https://www.instagram.com/squareroots.ng,,,no,"Our newest location, in the heart of Pictou County.",yes
Lower Sackville,636 Sackville Dr,https://www.instagram.com/squarerootssackville,https://www.facebook.com/SquareRootsSackville,,no,,yes
Halifax - North End,5522 Russell St,https://www.instagram.com/squareroots.northend/,,,no,,yes
Middle Musquodoboit,13867 Hwy 224,,,,no,,yes
Dartmouth,105 Highfield Park Dr,,,,no,,yes
Cole Harbour,15 Bissett Rd,https://www.instagram.com/coleharbourfridge/,https://www.facebook.com/profile.php?id=61555331890264,,no,,yes
